<?xml version="1.0" encoding="utf-8"?>
<layer-list xmlns:android="http://schemas.android.com/apk/res/android">
    <!-- Background (empty progress) -->
    <item android:id="@android:id/background">
        <shape android:shape="rectangle">
            <solid android:color="@color/grey" />
        </shape>
    </item>

    <!-- Progress (filled portion) -->
    <item android:id="@android:id/progress">
        <clip>
            <shape android:shape="rectangle">
                <solid android:color="@android:color/holo_red_dark" />
            </shape>
        </clip>
    </item>
</layer-list>
